,bucket_0,bucket_1,bucket_2,bucket_3,steps,train_perplex
0,45.6552276506,69.5303338017,109.048524813,202.271594284,50,413.27010287
